ID;Seção;Ordem;Pergunta;Tipo no Forms;Obrigatória;Opções / escala;Limite / instrução;Lógica de navegação;Texto de apoio;Objetivo de pesquisa;Tag de análise;Status
Q01;Antes de começar;1;Você leu as informações acima e aceita participar desta pesquisa?;Escolha única;Sim;Sim, quero participar|Não quero participar;Escolha uma opção;Se Não quero participar, encerrar formulário;Participar é voluntário. Você pode parar ou pular perguntas opcionais a qualquer momento.;Registrar consentimento livre;consentimento;Proposta para aprovação
Q02;Antes de começar;2;Você tem 18 anos ou mais?;Escolha única;Sim;Sim|Não;Escolha uma opção;Se Não, encerrar formulário;A pesquisa é exclusiva para pessoas adultas.;Confirmar elegibilidade;triagem;Proposta para aprovação
Q03;Sobre vocês;3;Qual é o seu código de participante?;Resposta curta;Sim;;Usar o código fornecido pela pesquisa. Não informar nome, e-mail ou telefone;;Exemplo: C03-A.;Relacionar respostas do casal sem identificar pessoas;perfil;Proposta para aprovação
Q04;Sobre vocês;4;Há quanto tempo vocês estão juntos?;Escolha única;Sim;De 6 meses a 2 anos|De 3 a 5 anos|De 6 a 10 anos|Mais de 10 anos;Escolha uma opção;;;Segmentar por duração do relacionamento;perfil;Proposta para aprovação
Q05;Sobre vocês;5;Quais situações fazem parte da vida de vocês hoje?;Caixas de seleção;Sim;Moramos juntos|Não moramos juntos|Vivemos um relacionamento à distância|Temos filhos|Cuidamos regularmente de outras pessoas|Estamos passando por uma grande mudança|Nenhuma dessas;Marcar todas as aplicáveis;;;Contextualizar rotina e fase de vida;perfil;Proposta para aprovação
Q06;Conexão no dia a dia;6;Nos últimos 7 dias, quantas vezes vocês tiveram um momento de qualidade a dois, mesmo que curto?;Escolha única;Sim;Nenhuma|1 vez|2 ou 3 vezes|4 vezes ou mais|Não sei dizer;Escolha uma opção;Não usar como avaliação da qualidade da relação;Considere um momento com atenção e presença, não apenas estar no mesmo lugar.;Estimar frequência recente de conexão;hábito;Proposta para aprovação
Q07;Conexão no dia a dia;7;Pense no último momento em que você se sentiu realmente conectado(a) à pessoa parceira. O que vocês estavam fazendo?;Resposta longa;Sim;;Responder em 1 ou 2 frases. Não incluir nomes ou detalhes de terceiros;;Pode ser algo simples e cotidiano.;Capturar episódio real e ocasião de uso;episódio;Proposta para aprovação
Q08;Conexão no dia a dia;8;O que mais ajudou naquele momento?;Caixas de seleção;Sim;Tempo sem pressa|Conversa boa|Risos e leveza|Carinho ou toque|Fazer algo novo|Resolver algo juntos|Sentir-se ouvido(a)|Outro;Escolher até 3 opções;;;Identificar gatilhos de conexão;motivador;Proposta para aprovação
Q09;Conexão no dia a dia;9;Hoje, o que mais atrapalha vocês a criarem esses momentos?;Escolha única;Sim;Falta de tempo|Cansaço|Celular ou outras telas|Rotina repetitiva|Dificuldade para começar uma conversa|Horários diferentes ou distância|Tensão ou assuntos pendentes|Nada atrapalha muito|Outro;Escolha a principal opção;;;Priorizar barreira dominante;barreira;Proposta para aprovação
Q10;Experiências atuais;10;Vocês já usaram jogos de perguntas, baralhos, vídeos ou aplicativos para fazer algo a dois?;Escolha única;Sim;Sim, usamos atualmente|Sim, mas paramos|Experimentamos uma ou duas vezes|Nunca usamos;Escolha uma opção;Se Nunca usamos, pular Q11 e seguir para Q12;;Mapear familiaridade e abandono;alternativas;Proposta para aprovação
Q11;Experiências atuais;11;Pensando na experiência mais recente, o que funcionou bem e o que cansou ou incomodou?;Resposta longa;Não;;Responder em até 3 frases;Exibir somente se Q10 for diferente de Nunca usamos;Evite informar o nome do produto se preferir.;Entender atrativos e motivos de abandono;alternativas;Proposta para aprovação
Q12;Experiência ideal;12;Que formatos fariam você ter mais vontade de participar?;Caixas de seleção;Sim;Escolher entre opções rápidas|Tentar adivinhar a resposta da outra pessoa|Responder em segredo e revelar depois|Contar uma história ou lembrança|Encontrar escolhas em comum|Cumprir um desafio curto|Fazer um pequeno gesto;Escolher até 3 opções;;;Priorizar mecânicas desejadas;formato;Proposta para aprovação
Q13;Experiência ideal;13;Quanto tempo seria ideal para uma experiência em um dia comum?;Escolha única;Sim;Até 3 minutos|De 4 a 5 minutos|De 6 a 10 minutos|De 11 a 15 minutos|Mais de 15 minutos;Escolha uma opção;;;Definir duração prometida;duração;Proposta para aprovação
Q14;Experiência ideal;14;Em qual momento seria mais natural usar o aplicativo?;Escolha única;Sim;Durante o dia, à distância|No fim do dia|Durante uma refeição ou café|Em um encontro|No fim de semana|Quando surgir vontade, sem horário fixo|Outro;Escolha a principal opção;;;Identificar ocasião de uso;ocasião;Proposta para aprovação
Q15;Experiência ideal;15;Como vocês prefeririam participar?;Escolha única;Sim;Cada pessoa no próprio celular|Os dois no mesmo celular|Começar no celular e continuar conversando sem tela|Somente conversando, com o celular como guia|Depende da atividade;Escolha uma opção;;;Definir configuração de participação;modo;Proposta para aprovação
Q16;Experiência ideal;16;Como as perguntas deveriam evoluir?;Escolha única;Sim;Sempre leves e divertidas|Começar leves e aprofundar aos poucos|Escolher a profundidade antes de começar|Misturar níveis de forma surpresa|Depende do momento;Escolha uma opção;;;Definir progressão de profundidade;profundidade;Proposta para aprovação
Q17;Conteúdo e cuidado;17;Sobre quais temas você teria mais curiosidade de conversar de um jeito leve?;Caixas de seleção;Sim;Gostos e preferências|Nossa história|Rotina e tempo de qualidade|Carinho e formas de demonstrar amor|Sonhos e planos|Viagens e experiências|Família e filhos|Valores e visão de mundo|Dinheiro e prioridades|Intimidade e desejo|Outro;Escolher até 3 opções;;;Priorizar temas de conteúdo;tema;Proposta para aprovação
Q18;Conteúdo e cuidado;18;Quais temas só deveriam aparecer quando as duas pessoas escolhessem participar?;Caixas de seleção;Sim;Dinheiro|Família e filhos|Conflitos e pedidos de desculpa|Religião ou espiritualidade|Corpo, desejo e sexo|Saúde emocional|Planos de longo prazo|Nenhum desses|Outro;Marcar todas as aplicáveis. Nenhum desses deve ser exclusivo com outra opção;;;Mapear necessidades de consentimento bilateral;segurança;Proposta para aprovação
Q19;Teste rápido de conceito;19;Qual destas experiências você teria mais vontade de testar primeiro?;Escolha única;Sim;Descoberta relâmpago — os dois respondem e revelam juntos|Adivinha de mim — uma pessoa tenta prever a resposta da outra|Nossa história — cada pessoa conta sua versão de uma lembrança|Match de planos — o app revela apenas escolhas em comum|Pequeno gesto — uma descoberta vira uma ação carinhosa;Escolha uma opção;;;Priorizar proposta de experiência;conceito;Proposta para aprovação
Q20;Teste rápido de conceito;20;O que deveria acontecer no final para a experiência valer a pena?;Escolha única;Sim;Descobrir algo novo|Dar risada|Continuar conversando sem o celular|Escolher um plano para fazer juntos|Receber uma sugestão personalizada|Trocar um gesto de carinho|Outro;Escolha a principal opção;;;Definir desfecho de valor;resultado;Proposta para aprovação
Q21;Teste rápido de conceito;21;De 0 a 10, qual é a chance real de você convidar sua pessoa parceira para usar uma experiência assim toda semana?;Escolha única;Sim;0 — nenhuma chance|1|2|3|4|5|6|7|8|9|10 — com certeza;Escolha uma opção;Não tratar isoladamente como validação estatística;;Medir intenção declarada e comparar justificativas;intenção;Proposta para aprovação
Q22;Teste rápido de conceito;22;Qual é o principal motivo da sua nota?;Resposta curta;Sim;;Responder em uma frase;;;Explicar intenção e revelar condição de adoção;intenção;Proposta para aprovação
Q23;Fechamento;23;Que pergunta você gostaria de ver sua pessoa parceira responder no aplicativo?;Resposta longa;Sim;;Escrever uma pergunta. Não inclua algo que exponha terceiros;;;Gerar insumos de conteúdo na voz do público;conteúdo;Proposta para aprovação
Q24;Fechamento;24;O que faria você abandonar ou apagar o aplicativo?;Resposta curta;Não;;Responder em uma frase;;;Identificar limite crítico e risco de rejeição;risco;Proposta para aprovação
